{"cameraMode":{"drawMode":0,"name":"Shaded","section":"Shading Mode"},"sceneLighting":false,"audioPlay":false,"sceneViewState":{"m_AlwaysRefresh":false,"showFog":true,"showSkybox":true,"showFlares":true,"showImageEffects":true,"showParticleSystems":true,"showVisualEffectGraphs":true,"m_FxEnabled":true},"in2DMode":false,"pivot":{"x":-0.7892999649047852,"y":-2.4593868255615236,"z":26.60296630859375},"rotation":{"x":0.06402155756950379,"y":0.9288804531097412,"z":-0.31044042110443118,"w":0.19203966856002809},"size":43.83070373535156,"orthographic":false}